"Timestamp","Company name","HD logo","Twitter handle","Facebook username. ","Linkedin id. ","How would you define your company? What are your core company values ?","Language for communication about you","Introduction Tweet","Meet at their booth Tweet (Startups, Gold and Platinium only)","Special thanks Tweet","Company description","Website","Why become a DevFest Toulouse sponsor ?","Public contact information"
"2019/05/06 12:05:45 PM GMT+2","STACK LABS","https://drive.google.com/open?authuser=0&usp=forms_web&id=16-dMYeOmDRnpnRI796NoJxF37vL8YLHS","@stack_labs","","stacklabs","The new generation tech company. We ‚ù§Ô∏è code, and building powerful & secured cloud architectures. We invest in tech watch & work with companies like Google & Amazon as partners.","Fran√ßais","","","","The new generation tech company. We ‚ù§Ô∏è code, and building powerful & secured cloud architectures. We invest in tech watch & work with companies like Google & Amazon as partners.","https://stack-labs.com","We want to share and meet cool & passionated developers during this incredible event !","meet@stack-labs.com , phone : 0623427747"
"2019/05/07 11:14:53 AM GMT+2","SII","https://drive.google.com/open?authuser=0&usp=forms_web&id=11aUuynuI24hc80XJNg47Ghkp8cbisEmq","@SIISudOuest","Groupe SII","Groupe SII","After 40 years of partnering with corporations for their engineering needs, the SII Group finds itself at the forefront of innovation and digital transformation. It relies on teams of expert engineers and on methods at the cutting-edge of quality standards for its business centered on engineering consulting (information technology, electronics and telecommunications) and digital services (engineering and network information technology).","Fran√ßais","""Will be produced later""","""Will be produced later""","""Will be produced later""","After 40 years of partnering with corporations for their engineering needs, the SII Group finds itself at the forefront of innovation and digital transformation. It relies on teams of expert engineers and on methods at the cutting-edge of quality standards for its business centered on engineering consulting (information technology, electronics and telecommunications) and digital services (engineering and network information technology).
With nine field offices in France, the Group has built close relationships with local firms and offers a wide spectrum of career opportunities. Its presence in 18 countries and four continents also gives SII the ability to provide support for the international operations of major corporations.
","http://toulouse.groupe-sii.com/fr","It appeared essential to us to bring our support to this ¬´ don‚Äôt miss ¬ª event. We are quite pleased and proud to be able to play a concrete part in its success.  ","amorandi@sii.fr"
"2019/05/10 10:45:19 AM GMT+2","Morning","https://drive.google.com/open?authuser=0&usp=forms_web&id=1pU-IKIp1wW_-V3nMPo3U-b-iEgO7vX4B","@morning_com","@morning","morning","COCA (Coh√©sion, Originalit√©, Convivialit√©, Ambition)","Fran√ßais","ü§ó @morning_com est pour la seconde fois partenaire du #DevFestToulouse et Nous sommes fiers de compter sur leur soutien üòç
#Fintech #Startup #Neobanque ","Venez rencontrer l'√©quipe de X-men de chez @morning_com, ils vous attendent üòç#DevFestToulouse #Morning #Fintech #Startup","Les X-men de chez @morning_com √©taient pr√©sents au #DevFestToulouse 2019 ! Merci d'avoir √©t√© Sponsor Soutien sur cette √©dition.","Au pied des Pyr√©n√©es, Morning et son √©quipe (r√©)inventent les usages financiers. Dans un cadre authentique, l‚Äô√©quipe imagine et d√©veloppe des solutions innovantes pour g√©rer son argent, disposer de moyens de paiement innovants et b√©n√©ficier de services sur-mesure.
 
Aujourd‚Äôhui Morning c‚Äôest :
Plus 150.000 comptes de paiement Morning
Plus de 50 millions d‚Äôeuros collect√©s sur les cagnottes
Plus d‚Äôun million de transactions trait√©es avec succ√®s !","https://morning.com/fr/","Morning est fier d'√™tre un soutien du DevFest 2019 √† Toulouse car c'est un √©v√®nement incontournable pour les d√©veloppeurs ! En d'autres mots DevFest is the place to be !","marketing@morning.com - +33 (0)6 47 99 93 03"
"2019/05/10 10:54:22 AM GMT+2","Informatique Banque Populaire","https://drive.google.com/open?authuser=0&usp=forms_web&id=1wtG-J6fP8Fdzjc421l5bN2BZqb7AfjeO","@InformatiqueBP","compte non actif","Informatique Banque Populaire","Informatique Banque Populaire, filiale informatique du Groupe BPCE, regroupe 850 collaborateurs sur 6 sites. Elle d√©veloppe et maintient le syst√®me d‚Äôinformation de l‚Äôensemble des Banques Populaire r√©gionales et de 3 filiales du groupe. Sa mission : construire un syst√®me adapt√© aux nouveaux enjeux de la distribution de produits et services bancaires et accompagner les banques dans leur mutation digitale. Laboratoire d'exp√©rimentations, nouvelles m√©thodes de d√©veloppement, mode produit, foisonnement d'id√©es, pratiques collaboratives, il y a tant √† d√©couvrir avec Informatique Banque Populaire, Osez l'√©quilibre !","Fran√ßais","Welcome back √† @InformatiqueBP cette ann√©e encore partenaire du #DevFestToulouse ! Editeur du SI des @BanquePopulaire, acteur majeur de l‚ÄôIT en France et en Occitanie, nous les remercions pour leur soutien #CyberSecurite #DevOps #Angular #DeviOS #DevAndroid ","Will be produced later","Will be produced later","Informatique Banque Populaire, filiale du groupe bancaire BPCE, assure le d√©veloppement informatique du syst√®me d‚Äôinformation des Banques Populaires.","https://informatique.banquepopulaire.fr/","Le DevFest Toulouse est un √©v√©nement incontournable pour tout acteur IT en Occitanie. C'est une √©vidence pour Informatique Banque Populaire de s'associer √† cette manifestation faite pour et par des d√©veloppeurs et qui chaque ann√©e rassemble √† fois : le meilleur des connaissances, des speakers de qualit√©, une organisation au top et une ambiance de dingue !",""
"2019/05/10 2:44:58 PM GMT+2","Squoring Technologies","https://drive.google.com/open?authuser=0&usp=forms_web&id=1e5em0y6wIaHGViX88VwX3yetDI9UEJie;https://drive.google.com/open?authuser=0&usp=forms_web&id=1yZFzAgDDGX5FooMeshFDfFTtvSkaPaN9","@squoring","https://www.facebook.com/squoring/","https://fr.linkedin.com/company/squoring-technologies","Innovation, excellence, enthousiasme","Fran√ßais"," @Squoring Technologies devient partenaire du #devFestToulouse 2019! Editeur du tableau de bord Squore utilis√© par de grands groupes industriels partout dans le monde et filiale de @Vectorgrp, nous sommes fiers de compter sur leur soutien üòç#softwareanalytics #sotwarecompliance","","Merci @Squoring @Vectorgrp de nous avoir soutenus pour cette 4√®me √©dition! Joie d'avoir pour sponsor une entreprise innovante membre du Top 30 des √©diteurs de logiciels Occitanie :-)","Cr√©√© √† Toulouse en 2010, Squoring Technologies s‚Äôest impos√© comme le sp√©cialiste des solutions de pilotage de la qualit√© et de la performance des d√©veloppements logiciels. Son tableau de bord d‚Äôanalyse d√©cisionnelle ¬´ Squore for Software Analytics ¬ª, collecte, analyse et agr√®ge en indicateurs pertinents et exploitables l‚Äôensemble des donn√©es produites pendant le cycle de vie de production des logiciels pour √©valuer et optimiser la performance des projets, le respect des processus et la qualit√© des livrables. Les solutions de Squoring Technologies sont utilis√©es par de nombreux grands groupes industriels en France et dans le monde. Depuis juin 2018, Squoring Technologies fait partie du groupe Vector Informatik, qui regroupe plus de 2, 500 employ√©s dans le monde.","www.squoring.com / www.vector.com/","En tant qu'√©diteur de logiciel √† la pointe de l'innovation, notre participation au DevFest nous permet d'√©changer avec tous les acteurs de notre √©cosyst√®me sur les derni√®res avanc√©es technologiques. A ce titre, tous les ing√©nieurs de notre √©quipe R&D sont invit√©s √† participer √† l'√©v√©nement pour partager et rester connect√©s avec la grande communaut√© des d√©veloppeurs !","contact@squoring.com"
"2019/05/13 10:21:05 AM GMT+2","CNES","https://drive.google.com/open?authuser=0&usp=forms_web&id=1aA9Sve3FLn1V_mRzsD8cSNujll5W7iBv","@CNES","","","Le CNES propose aux pouvoirs publics la politique spatiale de la France et la met en oeuvre dans 5 grands domaines strat√©giques : Ariane, les Sciences, l‚ÄôObservation, les T√©l√©communications et la D√©fense.
Le CNES joue un r√¥le cl√© sur la sc√®ne spatiale nationale, europ√©enne et internationale en √©tant √† la fois une force d‚Äôimpulsion, un moteur de proposition et un centre d‚Äôexpertise technique.","Fran√ßais","","","","Le CNES propose aux pouvoirs publics la politique spatiale de la France et la met en oeuvre dans 5 grands domaines strat√©giques : Ariane, les Sciences, l‚ÄôObservation, les T√©l√©communications et la D√©fense.","cnes.fr","Les m√©tiers du CNES reposent de plus en plus sur l'informatique et le d√©veloppement logiciel, que ce soit pour les logiciels bord ou les traitements au sol. Ces derniers utilisent de plus en plus les technologies issues du Big Data et du Machine Learning.",""
"2019/05/22 5:58:34 PM GMT+2","OpenAirlines","https://drive.google.com/open?authuser=0&usp=forms_web&id=1lzChI-uGCMYMLznYcL7MAr-0xk9RcbjE","OpenAirlines","openairlines","openairlines","Je pense que tout est l√† : https://www.welcometothejungle.co/fr/companies/openairlines sinon ne pas h√©siter √† nous contacter","Fran√ßais"," ü§ó@OpenAirlines est partenaire du #DevFestToulouse pour cette 3e √©dition! Solution innovante d‚Äô√©co-pilotage pour les avions, nous sommes fiers de compter sur leur soutien üòç #greenaviation #aero #devfestToulouse  ","Will be produced later","","Partant du constat que chaque ann√©e pr√®s de 660 millions de tonnes de CO2 sont √©mises par les avions, soit plus de 20 000 kilos de CO2 par seconde, cette clean-tech a d√©cid√© d‚Äôagir en d√©veloppant des solutions innovantes pour aider les compagnies a√©riennes √† r√©duire leurs co√ªts et leur impact environnemental.

Fruit de 7 ans de R&D, le logiciel d‚Äô√©co-pilotage SkyBreathe¬Æ Fuel Efficiency sort sur le march√© en 2013. S‚Äôappuyant sur des algorithmes de Big Data, d‚ÄôIntelligence Artificielle et de Machine Learning, le logiciel analyse automatiquement les tr√®s nombreuses donn√©es disponibles dans les boites noires des avions afin d‚Äô√©valuer l‚Äôefficacit√© √©nerg√©tique des vols et √©mettre des recommandations permettant de r√©duire la consommation de carburant et les √©missions de CO2 des avions. 

OpenAirlines est aujourd‚Äôhui leader sur son march√© et emploie actuellement une quarantaine de collaborateurs √† Toulouse et dans ses filiales √† Hong Kong et √† Miami.","https://openairlines.com/","OpenAirlines est fier de soutenir cet √©v√©nement incontournable pour les d√©veloppeurs ! On esp√®re y rencontrer des d√©veloppeurs curieux et innovants, motiv√©s par les enjeux du r√©chauffement climatique et les d√©fis technologiques qui permettront de sauver notre plan√®te.",""
"2019/05/23 2:10:47 PM GMT+2","Cenareo","https://drive.google.com/open?authuser=0&usp=forms_web&id=16OyUS__owTRF0YCv8G0uDpaFwu9q_vg5","https://twitter.com/Cenareo","","https://www.linkedin.com/company/cenareo/","We develop the most easy to use digital signage CMS in SaaS mode. Designed to be the best ally of marketing and communications teams, our product is unique by its combination of simplicity and technology.
We empower brands to disseminate their stories around the world, anywhere, anytime, from any device.

As one team, we share common values:  Product Excellence, Customer Satisfaction, Team spirits, Inventiveness, and to always be Daring & Ambitious.","Fran√ßais","Cette ann√©e, nous sommes heureux de compter sur le sponsorship de @Cenareo pour la 3e √©dition du #DevFestToulouse ! 
Au sein de l'√©cosyst√®me toulousain #iotvalley, cette #startup montante √† l'international est sp√©cialis√©e en #affichagedynamique. 
#retail #dooh #makeascene ","""Will be produced later""","""Will be produced later""","Cenareo, previously CityMeo, is a real ‚ÄúFrench Tech‚Äù success story. Located in Lab√®ge within the IoT Valley, we develop a best-in-class digital signage CMS (SaaS mode) to create, manage and broadcast content on remote displays in real-time, from any PC, tablet or smartphone.
Created by 4 engineers, Cenareo has experienced exponential growth and rapid development since its inception in 2012, posting triple-digit growth and now counting upwards of 30 employees.
The company has ambitious targets and a Global outlook. We promote diversity and welcome multi-cultural and foreign applicants.","https://cenareo.com/fr/","Dev Fest is the best place to meet future ‚Äútech heroes‚Äù that share our values and will help us to shape the future of our ‚Äòstate-of-the-art‚Äô technology.
#ProductExcellence  #CustomerSatisfaction  #TeamSpirits #Inventiveness #Daring & #Ambition","jobs@cenareo.com
+33 1 84 25 33 23"
"2019/05/23 2:22:07 PM GMT+2","DECASOFT","https://drive.google.com/open?authuser=0&usp=forms_web&id=15Xo5VmhWmkBP9iPhpkytMS_pDFP_EuFo","@Decasoft_SSII","decasoft","@decasoft","Convivialit√©, esprit d'√©quipe, qualit√© ","Fran√ßais","@Decasoft_SSII est partenaire pour la deuxi√®me fois du #DevFestToulouse ‚úåÔ∏è
Soci√©t√© √† taille humaine et conviviale, Decasoft s'investit sur le secteur du num√©rique et soutient des √©v√©nements comme le #DevFestToulouse üòÅ","","Merci √† @Decasoft_SSII pour le renouvellement de son soutien au #DevFestToulouse","Une soci√©t√© √† taille humaine sp√©cialis√©e en d√©veloppement web et mobile implant√©e sur la ville lumi√®re et la ville rose ‚Äì Paris et Toulouse.
Nous assurons l‚Äô√©volution professionnelle de nos collaborateurs vers de nouvelles technologies afin de calibrer nos postes selon leurs envies.
Pour casser la routine, retrouvez-nous au baby-foot et aux soir√©es afterwork. Nous pouvons par ailleurs vous garantir une ambiance dynamique et 100% conviviale.  ","http://www.decasoft.fr/","Pour rencontrer les acteurs du march√© et s'investir sur l'avenir du num√©rique","recrutement@decasoft.fr, 07 87 62 74 94"
"2019/05/28 11:30:38 AM GMT+2","OneStock","https://drive.google.com/open?authuser=0&usp=forms_web&id=1g6Tta3VY_JCNFbUIr3P8BtxUGu0dCGUr","@_OneStock_FR","","OneStock France","OneStock propose une suite logicielle omnicanale d‚ÄôOrder Management √† destination des retailers souhaitant rendre agile la gestion de leurs commandes, offrir la meilleure exp√©rience client et booster leurs ventes.
Notre ambition est de nous √©tendre toujours plus √† l'international. Notre mission? Abolir les fronti√®res entre commerce physique et digital. 
Les valeurs qui nous animent : Excellence, Bienveillance & Agilit√©. ","Fran√ßais","Nous sommes ravis d'annoncer la pr√©sence de @_OneStock_FR la scale up #retailtech qui s'internationalise üöÄgr√¢ce √† un #OMS agile et des solutions innovantes de #ShipFromStore et #WebToStore üì¶üõç 
Ne manquez pas de les rencontrer sur leur stand ! #FrenchTech #devfesttoulouse
","De la #tech, une solution #agile, une √©quipe jeune/internationale, le tout, dans la bonne humeur ?! C'est chez @_OneStock_FR que √ßa se passe et ils recherchent des #dev #fullstack et des #projectmanager #IT üëè
Passez sur leur stand #devfesttoulouse ! 
#REACT #PHP7 #HTML5 #NodeJS
","Nous souhaitons le poster le lendemain de l‚Äô√©v√©nement ","Bas√©e en France et au Royaume-Uni, OneStock propose une suite logicielle omnicanale d‚ÄôOrder Management √† destination des retailers souhaitant rendre agile la gestion de leurs commandes, offrir la meilleure exp√©rience client et booster leurs ventes.","https://www.onestock-retail.com/fr/","Nous sommes une Start up Toulousaine et nous travaillons dans un secteur innovant n√©cessitant une mise √† jour constante de nos connaissances techniques. Nous travaillons avec des technologies encore assez peu utilis√©es comme le langage de programmation Go. 
DevFest √©tant l'√©v√©nement phare des D√©veloppeurs, pour nous, passionn√©s de D√©veloppement IT, il √©tait impensable de ne pas faire partie de l'espace Start Up de l'√©v√©nement DevFest 2019 ! ",""
"2019/05/29 5:21:39 PM GMT+2","Continental","https://drive.google.com/open?authuser=0&usp=forms_web&id=19SgbmANIkpdPSN4q70flU2jv92YbVjTa","ContinentalFrance","Continental France","Continental","Our four values form the basis of our joint actions: trust, passion to win, freedom to act and for one other. Together with our vision and mission, our values stand for what drives us forward and how we want to work together.","English","Will be produced later","Will be produced later","Will be produced later","Continental develops pioneering technologies and services for sustainable and connected mobility of people and their goods. 
Founded in 1871, the technology company offers safe, efficient, intelligent, and affordable solutions for vehicles, machines, traffic and transportation. 
In 2018, Continental generated sales of ‚Ç¨44.4 billion and currently employs around 245,000 people in 60 countries and markets.","www.continental-corporation.com","At Continental Digital Services France (CDSF), we are convinced that our success depends on the members of our teams and our ""startup"" culture backed by a larger group. Being a Devfest's sponsor is a great opportunity to share with & meet passionate people, guided by curiosity and innovation, eager to make a real impact on the mobility services of the future !",""
"2019/06/05 9:33:11 AM GMT+2","Elastic","https://drive.google.com/open?authuser=0&usp=forms_web&id=1lrFpL7Dd86fhoyLVIiUperiuwkL9ebWw","https://twitter.com/elastic","https://www.facebook.com/elastic.co/","https://www.linkedin.com/company/elastic-co/","Elastic est une entreprise centr√©e sur la recherche d'informations. En tant que cr√©ateurs de la Suite Elastic (Elasticsearch, Kibana, Beats et Logstash), nous d√©veloppons des solutions SaaS et auto-h√©berg√©es qui vous permettent d'exploiter vos donn√©es √† grande √©chelle et en temps r√©el, afin de r√©pondre √† vos besoins de recherche, de logging, de s√©curit√© et d'analyse. En savoir plus sur www.elastic.co","Fran√ßais","ü§ó @ElasticFR est partenaire de DevFest Toulouse! La r√©f√©rence pour tous vos besoins de search, logging et analytics!","Will be produced later","Will be produced later","Nous sommes les cr√©ateurs de la suite Elastic: Elasticsearch, Kibana, Beats et Logstash. Recherchez, analysez et visualisez vos donn√©es da fa√ßon s√©curis√©e et fiable.","https://www.elastic.co/","DevFest Toulouse est l'√©v√©nement incontournable de la r√©gion pour les d√©veloppeurs. C'est une opportunit√© unique pour nous d'√©changer avec nos clients et utilisateurs.","https://www.elastic.co/fr/contact"
"2019/06/05 5:25:29 PM GMT+2","NEO-SOFT Groupe","https://drive.google.com/open?authuser=0&usp=forms_web&id=1_VluJGm0IqvM-9Squ8hznUE92RNHSwAJ","@NeoSoft_","N√©o-Soft Groupe","N√©o-Soft Groupe","Cr√©√© en 2005 √† Rennes par son PDG actuel, le Groupe N√©o-Soft est aujourd‚Äôhui reconnu pour l‚Äôexpertise de ses 1 300 consultants et ses 16 implantations.
N√©o-Soft est une soci√©t√© de Conseil en Informatique et Technologies sp√©cialis√©e dans 5 domaines : 
- Conseil & Gestion de projet 
- Domaine applicatif
- Infrastructures & R√©seaux 
- Cybers√©curit√© gr√¢ce notre filiale d√©di√©e Cogital 
- Data
Une offre diversifi√©e pour accompagner nos clients tout au long de leurs projets.

Nos √©quipes manag√©riales se mobilisent au quotidien pour illustrer et transmettre les valeurs inh√©rentes √† notre mod√®le social : Proximit√©, Accompagnement, Croissance, Technologie & Engagement.
Parce que le bien-√™tre au travail est une priorit√©, nous accompagnons nos consultants avec s√©rieux et dans la bonne humeur, une d√©marche √† nouveau r√©compens√©e par le label Engag√© RSE depuis 2013 et l'obtention du label Happy At Work 2019.
","Fran√ßais","üëãüèªüòÅ @NeoSoft_ partenaire du #DevFestToulouse cette ann√©e ! Expert en Conseil Informatiques & Technologies et acteur de l‚Äôinnovation, #HappyAtWork2019  #.NET #Angular #Java #ScrumMaster #ambiance","L'esprit de l'IT est en nous ! Tu veux discuter avec des gens s√©rieux mais qui ne se prennent pas au s√©rieux ?","Des popcorns, des fl√©chettes et des quizz hommage aux Grands de l'IT, le tout dans une ambiance de Pub ! Merci √† NEO-SOFT d'avoir √©t√© sponsor cette ann√©e !","Cr√©√© en 2005 √† Rennes par son PDG actuel So√Øg, le Groupe N√©o-Soft est aujourd‚Äôhui reconnu pour l‚Äôexpertise de ses 1 300 consultants et ses 16 implantations.
N√©o-Soft est une soci√©t√© de Conseil en Informatique et Technologies sp√©cialis√©e dans 5 domaines : 
- Conseil & Gestion de projet 
- Domaine applicatif
- Infrastructures & R√©seaux 
- Cybers√©curit√© gr√¢ce notre filiale d√©di√©e Cogital 
- Data
Int√©grer N√©o-Soft c'est la possibilit√© de d√©velopper son expertise dans une entreprise innovante et responsable o√π la proximit√© est une r√©alit√©.
Nous recrutons sur toute la France et dans divers secteurs d'activit√©s (Banques & Assurances, A√©ronautique, Domotique, T√©l√©coms & M√©dias etc.). 
Client grands comptes, PME ou start-up innovantes, √©voluez dans l'environnement de votre choix.
","https://www.neo-soft.fr/","Parce nous sommes passionn√©s et toulousains et que le DevFest c'est LE regroupement des passionn√©es de la Ville Rose et d'ailleurs ! Parce que notre job ne s'arr√™te pas √† satisfaire un client mais √† apprendre et partager nos connaissances .","mathieu.delzenne@neo-soft.fr"
"2019/06/07 5:58:45 PM GMT+2","SMILE","https://drive.google.com/open?authuser=0&usp=forms_web&id=13nwbZPYooWb3F3Z6ldrK3nEAUzjS_5iK","@GroupeSmile","Smile - Open Source Solutions","https://www.linkedin.com/company/smile/","Avec de l‚Äôaudace et des beaux projets, ajoutez une pinc√©e de culture visionnaire, une bonne dose d‚Äôinnovation, saupoudrez le tout d‚Äôune expertise technique pluridisciplinaire et vous obtenez Smile, le leader europ√©en du digital ouvert, expert du digital et de l‚Äôopen source (conseil, int√©gration et infog√©rance).","Fran√ßais","@GroupeSmile acte sa premi√®re participation au #devfestToulouse. Fort de son implantation en #Occitanie sur les plus beaux projets #web, #Embarqu√©s et #IoT de la r√©gion, le groupe nous communique son amour pour l' #OpenSource et l'#innovationüíô
Bienvenue √† ce nouveau partenaire !","@GroupeSmile chamboule le(s) code(s) ! Viens sur son stand d√©couvrir son expertise #OpenSource, obtenir des livres blancs, gagner des cadeaux, partager ta passion pour le #d√©veloppement. Ils recrutent des experts du #Web, de la #Data de l'#IoT de l' #Embarqu√© et du #Cloud !","Will be produced later","Avec de l‚Äôaudace et des beaux projets, ajoutez une pinc√©e de culture visionnaire, une bonne dose d‚Äôinnovation, saupoudrez le tout d‚Äôune expertise technique pluridisciplinaire et vous obtenez Smile, le leader europ√©en de l‚Äôint√©gration et de l‚Äôinfog√©rance de solutions open source.

Agiles, open et engag√©s, chez Smile, nous adorons avoir un coup d‚Äôavance pour garder notre place sur le podium des acteurs majeurs du digital. Pour cela, nous avons d√©velopp√© 4 offres pour vous accompagner dans votre transformation num√©rique : Digital, Business App, Embedded & IoT et Infra.

Pour finir cette premi√®re pr√©sentation, une question primordiale‚Ä¶ ¬´ Que serions-nous sans les femmes et les hommes qui font tourner la jolie machinerie Smile ? ¬ª. Au quotidien, ce sont 1700 smiliens pr√©sents dans 7 pays qui s‚Äôagitent et cogitent pour mener √† bien les projets strat√©giques de nombreux grands comptes fran√ßais et europ√©ens.","https://www.smile.eu/","Nous avons toujours √©t√© proche des d√©veloppeurs, puisque ce sont 4 d'entre eux qui nous ont fond√©s. Notre ADN repose donc sur la technique, et la passion pour la contribution, le collectif. Il est donc dans notre culture d'√™tre partie prenante sur les √©v√©nements auxquels nous croyons. Implant√© en Occitanie depuis quelques temps, SMILE a pour souhait de se d√©velopper, et pour cela, nous souhaitons renforcer notre proximit√© avec les acteurs de l'√©cosyst√®me IT Toulousain.","Laurent Lacaze
laurent.lacaze@smile.fr 
0621324393"
"2019/06/11 10:30:10 AM GMT+2","Berger Levrault","https://drive.google.com/open?authuser=0&usp=forms_web&id=1MSldgjX3Y_lnmQb1HxBLm6Jz8jyKEhRG","@bergerlevrault","pas de compte facebook","berger-levrault","√âditeur de logiciel multisectoriel et international

Valeurs : 
- La dignit√© : C‚Äôest t√©moigner notre respect √† nos clients qui ≈ìuvrent pour le bien commun.
- La bienveillance : C‚Äôest adopter une vision humanis√©e en int√©grant la r√©alit√© des attentes de nos clients. √âcouter, comprendre, expliquer, donner du sens √† l‚Äôaction, favoriser le bien-√™tre et l‚Äô√©panouissement de nos √©quipes.
- Le renoncement : C‚Äôest privil√©gier la r√©ussite collective. Savoir distinguer ce qui m√©rite d‚Äô√™tre conduit dans le but de faire le meilleur choix.
","Fran√ßais","@bergerlevrault est partenaire du #DevFestToulouse pour cette 3e √©dition ! √âditeur international de solutions logicielles pour une transformation num√©rique utile pour tous, nous sommes fiers de compter sur leur soutien. 
#TransNum #innovation #BergerLevrault #GoDigital
","@bergerlevrault invente et d√©veloppe des solutions au service des usages collectifs. Leurs √©quipes internationales recherchent des #d√©veloppeurs pour participer √† cette aventure humaine et technologique. #fullstack #Javascript Passez sur leur stand au #DevFestToulouse. #Job","L'enthousiasme et la bienveillance de l'√©quipe @bergerlevrault ont favoris√© des √©changes enrichissants en pla√ßant l'humain au c≈ìur de l'innovation. Merci d'avoir √©t√© cette ann√©e Sponsor Gold. #DevFestToulouse","Berger-Levrault, √©diteur de logiciel international et multisectoriel, accompagne les professionnels priv√©s et publics √† r√©pondre aux exigences croissantes de performance dans leurs m√©tiers et les citoyens dans leur vie quotidienne.

Le Groupe adresse les secteurs suivants : Secteur public local; Social et m√©dico-social; Sanitaire; Entreprises et industrie; √âducation.

Pour l‚Äôensemble de ses secteurs d‚Äôactivit√©, Berger-Levrault a d√©velopp√© une gamme de logiciels et de services adapt√©e aux besoins sp√©cifiques de chaque m√©tier. 
","https://www.berger-levrault.com","Berger-Levrault, en pleine expansion nationale et internationale, se distingue par sa p√©rennit√© exceptionnelle gr√¢ce √† sa capacit√© d'anticipation des innovations. Le d√©veloppement √©tant notre c≈ìur de m√©tier, c'est tout naturellement que nous souhaitons participer au ""Developers Festival"" et rencontrer des talents pour vivre une aventure humaine et technologique au sein de Berger-Levrault.","Berengere.MOUSSARD@berger-levrault.com"
"2019/06/11 6:19:48 PM GMT+2","MonkeyPatch","https://drive.google.com/open?authuser=0&usp=forms_web&id=1YWV7M4afXApJMe1pxFd2F14DFUJQl1N4","@monkeypatch_io","","MonkeyPatch.io","MonkeyPatch est une √©quipe de d√©v. passionn√©s, experte dans les domaines du Web, Mobile, Cloud, DevOps et BigData. Nous aimons les challenges technologiques et avons du temps d√©di√© √† la veille tech. Nous sommes tous acteurs des choix de notre entreprise.
Nos valeurs fondamentales sont : l‚Äôesprit d‚Äô√©quipe, l‚Äôexpertise, la passion, l‚Äôinnovation, le conseil et la transparence.","Fran√ßais","üì¢ Nous sommes fiers de vous annoncer que pour la 3√®me fois cons√©cutive, @MonkeyPatch_io, est partenaire du #DevFestToulouse üêµ
Cette √©quipe de passionn√©s, reconnue pour son expertise en #Web #Mobile #Cloud #BigData, vous r√©serve de belles surprises üéÆ!
Merci pour le soutien üëè","Il para√Æt que @MonkeyPatch_io pr√©pare pas mal de surprises pour cette ann√©e au #devfesttoulouse üëÄüôà
Venez rencontrer l‚Äô√©quipe et partager un moment autour d‚Äôun MonkeyGame üéÆ
Suivez leur compte et passez les voir sur leur stand !","Nous reviendrons vers vous apr√®s l‚Äô√©v√©nement pour ce tweet.","MonkeyPatch est avant tout une √©quipe constitu√©e de d√©veloppeurs ayant de solides bagages techniques et des r√©f√©rences significatives dans les nouvelles technos et les architectures modernes.

Avec au moins 5 ans d‚Äôexp√©rience, chacun de nous souhaite rester au plus pr√®s du code et partager sa passion de l'informatique avec la communaut√© de d√©veloppeurs et les √©quipes de nos clients.
Experts en Web, Mobile, Cloud, DevOps et/ou BigData, nous intervenons en tant qu‚Äôarchitecte et d√©veloppeur senior sur des stacks modernes pour aider nos clients √† relever leurs challenges technologiques.

Cultivant l‚Äôesprit d‚Äô√©quipe et privil√©giant l‚Äôhumain, nous ambitionnons, √† terme, d‚Äô√™tre une trentaine de Monkeys sur Toulouse.
","http://www.monkeypatch.io/","Ancr√©e dans nos valeurs, la passion de la tech. nous motive √† soutenir les initiatives qui permettent de promouvoir, d‚Äô√©changer ou de partager autour des nouvelles technos et des architectures modernes.
C‚Äôest donc naturellement que l‚Äôon a d√©cid√© de soutenir  les conf√©rences en Occitanie (DevFest Toulouse, SunnyTech) et les meetups (GDG Toulouse, JUG Toulouse).
Une conf√©rence comme le Devfest permet √† un grand nombre de d√©veloppeurs d‚Äôavoir acc√®s √† des conf√©rences de qualit√©. C‚Äôest √©galement une belle occasion pour que certains Monkeys pitchent des talks reprenant leur veille ou leurs retours d‚Äôexp√©rience.","hello@monkeypatch.io
05 82 95 68 06"
"2019/06/20 10:08:38 PM GMT+2","Lyra Network","https://drive.google.com/open?authuser=0&usp=forms_web&id=1h-3srvhyJ3wyn4Olt6HZHlzikZOzKlFL","@LyraNetwork","","Lyra Network","Engagement, transparence, ambition, ouverture, excellence","Fran√ßais","","","","LYRA NETWORK est n√©e en 2001 de la rencontre entre des savoir-faire, la technologie et  l‚Äôesprit visionnaire de ses fondateurs. Leader en France dans la s√©curisation des paiements, Lyra Network offre des services √† valeurs ajout√©es pour le commerce de proximit√© et le paiement en ligne (PayZen¬Æ).

Sa pr√©sence internationale, fait de cette soci√©t√© 100% Fran√ßaise, un acteur incontournable du march√© de la mon√©tique. Nos clients tels que les banques, les collectivit√©s, les e-commer√ßants et le commerce de d√©tail s‚Äôappuient sur nos outils pour connecter, s√©curiser et g√©rer leurs donn√©es sensibles.

Innovation,  anticipation et √©volution des habitudes de paiement nous m√®nent √† d√©velopper de nouveaux services toujours plus novateurs sur des technologies de pointe telles que le Mpos (mobile payment), les offres SEPA et e-facture via SEPAmail.

Forte de sa succ√®s story depuis ses premi√®res heures, LYRA NETWORK renforce continuellement ses √©quipes en ma√Ætrisant sa croissance afin de pr√©server l‚Äôenvironnement de travail.","https://lyra.com/fr/","Le DevFest est LE rendez-vous annuel incontournable pour tout passionn√© de d√©veloppement qui se respecte ! Partenaire du DevFest depuis sa premi√®re √©dition, nous sommes fiers de partager les m√™mes valeurs et d'encourager l'√©change et le partage autour des nouvelles technologies. C'√©tait donc une √©vidence de sponsoriser un tel √©v√©nement qui associe aussi bien des conf√©rences de qualit√© et un cadre propice √† l'√©change o√π l'ambiance est chaque ann√©e au rendez-vous !","ophelie.lomuto@lyra-network.com"